{
  "episode_rewards": [
    -10.375822663354029,
    -15.954253115870554,
    1.1454292885553443,
    -2.4456719715619295,
    1.1971009745356507,
    -4.455175210721345,
    -5.5285216243625595,
    -1.518192180763476,
    4.19644992885453,
    -10.225075210259753,
    -5.74465995232602,
    -5.850481142716609,
    -10.148265660367823,
    -0.7106427456105308,
    -0.31854671813652113,
    4.292980995478663,
    -7.404138868804802,
    -9.633971278750074,
    3.3076894920101925,
    5.5829015667916515,
    -15.479992415067278,
    1.605520755561631,
    -6.824469739519608,
    -3.626773781460569,
    -13.761113570829897,
    2.1077386707944163,
    -17.57554180121142,
    -6.658079736724574,
    -9.493483078800068,
    8.519920235665898,
    0.46200684109172585,
    -12.628132288966244,
    -3.75463146696433,
    5.138646130300131,
    -10.382880924764628,
    2.5354429731498995,
    -0.7291759132437432,
    -2.8845278149732176,
    -2.49556307537373,
    11.34106790126646,
    2.892292300685592,
    7.342331017269736,
    -5.628761320577061,
    -5.868296710393761,
    -15.020758208329221,
    -2.514663408071382,
    3.679023706430296,
    6.188855957326243,
    -18.524457121783772,
    -0.016782737957635963
  ],
  "episode_lengths": [
    50,
    50,
    50,
    50,
    50,
    50,
    50,
    50,
    50,
    50,
    50,
    50,
    50,
    50,
    50,
    50,
    50,
    50,
    50,
    50,
    50,
    50,
    50,
    50,
    50,
    50,
    50,
    50,
    50,
    50,
    50,
    50,
    50,
    50,
    50,
    50,
    50,
    50,
    50,
    50,
    50,
    50,
    50,
    50,
    50,
    50,
    50,
    50,
    50,
    50
  ],
  "avg_delays": [
    3.4938355240657524,
    6.931560527436009,
    1.2536201757192278,
    1.5046198414105867,
    1.4600185326211048,
    7.733109771322655,
    1.002575571601491,
    2.484421169218276,
    1.329675072931198,
    0.7515884521967067,
    3.2391908227291224,
    3.8552405858028074,
    1.7526952486078449,
    2.1885650234232603,
    1.5074719929713307,
    2.3595549008756644,
    1.8148543437531168,
    3.029134434323011,
    2.3054446799952375,
    2.395574209502569,
    6.509216280572391,
    2.8939237780202465,
    1.6228523592507047,
    5.556050771599786,
    9.896038031287132,
    2.190979427922499,
    1.2436961504991424,
    1.9746440919221309,
    2.7214660378797526,
    1.338520878858812,
    3.5556929533713046,
    3.5399631005052496,
    0.947159494007751,
    0.43628645545629624,
    10.508492603211387,
    1.2292709242679278,
    0.8523777779870383,
    0.9200746287721606,
    2.102639066367818,
    0.6035734597542185,
    1.4513225244753243,
    3.2275539902200037,
    1.2909828507879981,
    2.2087864261360157,
    15.38013750228742,
    1.1420718294634715,
    1.1654703835863707,
    1.3037564970220579,
    20.477749757214482,
    1.633284477126926
  ],
  "avg_losses": [
    0.0002968555913561218,
    0.0010009493642135448,
    0.0001907177412621432,
    0.00021553400936537767,
    0.0001875080415884279,
    0.0010656722197846964,
    0.00016436553120383366,
    0.0003687711876707907,
    0.00019883568104105728,
    0.00015533380403942888,
    0.00032166009825331676,
    0.00028263064696706875,
    0.00023174466708580102,
    0.00026691134217588555,
    0.00021082443538075123,
    0.0003052454054336957,
    0.0002022461789431264,
    0.0002727166032984445,
    0.00021323285000049037,
    0.0003045215805562381,
    0.0006319583320398953,
    0.0002891197882998563,
    0.00021296726579385258,
    0.00037460514655505273,
    0.0010341142660145422,
    0.00020986957635400855,
    0.0003886208686282984,
    0.00020094287271576718,
    0.00041915758745827926,
    0.00016820816121515067,
    0.0002808821749368517,
    0.0005264236297149866,
    0.00016319336411870565,
    0.00012540113170253375,
    0.0013329808642718712,
    0.00018425852057854026,
    0.00016014004977933424,
    0.00018328587368857127,
    0.00020117623677737075,
    0.00014723694797476214,
    0.00019119097845742952,
    0.00043403617330418595,
    0.00019457005885480466,
    0.0002213082587978644,
    0.0013242203156502428,
    0.00020997436447856257,
    0.00015831026020632602,
    0.00015517529166386287,
    0.0021469914218348886,
    0.0001835146365474484
  ],
  "avg_throughputs": [
    172783.75054165573,
    232730.5353614096,
    93577.64941480747,
    94470.0437382727,
    115969.11747866684,
    425377.0472033225,
    83753.9506451889,
    75052.14922201182,
    87219.21201075864,
    35806.063954884106,
    308436.09843049763,
    206767.1497496364,
    108761.85338412152,
    105102.85951552824,
    77214.71142305226,
    106704.02723707918,
    85267.61703532097,
    147191.7534091113,
    146206.39372837526,
    250627.63641313545,
    59404.77129495941,
    138582.65574651415,
    63590.96033977633,
    199559.0810818841,
    435937.00927936845,
    232941.22316083455,
    169757.52561165896,
    101678.06346792182,
    107792.98520328663,
    73201.16397322819,
    159809.0433021318,
    384768.1455238878,
    74860.66345953214,
    36640.402322218266,
    358201.20728256827,
    91778.27162652068,
    95198.58796463996,
    63712.192641127425,
    81936.88881238738,
    22000.741174109913,
    107925.19071956964,
    54091.787297961724,
    96890.70946235089,
    166816.16111347164,
    414360.5242631219,
    81576.55049045189,
    126412.68958402032,
    146237.3413587429,
    232446.3216746568,
    154507.03735689737
  ],
  "qos_violation_rates": [
    0.04160676218618449,
    0.04766584588192753,
    0.04081817220435972,
    0.048427578584441015,
    0.039058696772418966,
    0.04858348546485562,
    0.038890175207850645,
    0.047641648313344824,
    0.03896492326954948,
    0.04076284611618215,
    0.04091933450473768,
    0.04183779833673348,
    0.044839068092068564,
    0.041116307551473934,
    0.042192896827322676,
    0.043162665637051775,
    0.04053077217619147,
    0.04345528446236333,
    0.03963501842018542,
    0.042610057963734425,
    0.04582352413594883,
    0.044976544868664176,
    0.03891072235567064,
    0.04419922659173947,
    0.07888381912457974,
    0.04134041940850177,
    0.05605082298121673,
    0.040575387195408534,
    0.04657700952731785,
    0.038690157404170505,
    0.0465778783710165,
    0.04424159446498555,
    0.039094883456914545,
    0.04006012248913754,
    0.056491155423927825,
    0.03833045756477954,
    0.04088241740728047,
    0.03854430789510918,
    0.043202950556626256,
    0.040127976006089396,
    0.041628346154874575,
    0.04605375872013066,
    0.042634011216000106,
    0.039583287391508924,
    0.06594356468678762,
    0.042650528277731435,
    0.038901897738750996,
    0.041574078236127,
    0.05970039716970078,
    0.037625937768688306
  ],
  "exploration_rates": [
    1.0,
    1.0,
    1.0,
    1.0,
    1.0,
    1.0,
    0.9994285714285714,
    0.9995,
    0.9995555555555555,
    0.9992,
    0.9989090909090909,
    0.9983333333333333,
    0.9978461538461538,
    0.9968571428571429,
    0.9970666666666667,
    0.996,
    0.9952941176470588,
    0.9948888888888889,
    0.9945263157894737,
    0.9942,
    0.9937142857142857,
    0.992909090909091,
    0.9926956521739131,
    0.9928333333333333,
    0.99248,
    0.9048421052631579,
    0.9076610169491526,
    0.9102950819672131,
    0.9127619047619048,
    0.9149538461538461,
    0.9168955223880597,
    0.9184927536231884,
    0.92,
    0.9216438356164384,
    0.9232,
    0.924987012987013,
    0.925873417721519,
    0.9274074074074075,
    0.9286746987951807,
    0.9299764705882353,
    0.9310344827586207,
    0.9321348314606741,
    0.932923076923077,
    0.9341075268817204,
    0.9353263157894737,
    0.9362474226804124,
    0.937050505050505,
    0.9377425742574257,
    0.9380194174757281,
    0.9385142857142857
  ],