{
  "rewards": 19.104749882500794,
  "delays": 0.7430287811150965,
  "throughputs": 68971.16594122018,
  "success_rates": 0.9675131062945841,
  "episode_times": 1.2890653610229492
}