{
  "episode_rewards": [
    -10.375822663354029,
    -15.954253115870554,
    1.1454292885553443,
    -2.4456719715619295,
    1.1971009745356507,
    -4.455175210721345,
    -5.5285216243625595,
    -1.518192180763476,
    4.19644992885453,
    -10.225075210259753,
    -5.74465995232602,
    -5.850481142716609,
    -10.148265660367823,
    -0.7106427456105308,
    -0.31854671813652113,
    4.292980995478663,
    -7.404138868804802,
    -9.633971278750074,
    3.3076894920101925,
    5.5829015667916515,
    -15.479992415067278,
    1.605520755561631,
    -6.824469739519608,
    -3.626773781460569,
    -13.761113570829897
  ],
  "episode_lengths": [
    50,
    50,
    50,
    50,
    50,
    50,
    50,
    50,
    50,
    50,
    50,
    50,
    50,
    50,
    50,
    50,
    50,
    50,
    50,
    50,
    50,
    50,
    50,
    50,
    50
  ],
  "avg_delays": [
    3.4938355240657524,
    6.931560527436009,
    1.2536201757192278,
    1.5046198414105867,
    1.4600185326211048,
    7.733109771322655,
    1.002575571601491,
    2.484421169218276,
    1.329675072931198,
    0.7515884521967067,
    3.2391908227291224,
    3.8552405858028074,
    1.7526952486078449,
    2.1885650234232603,
    1.5074719929713307,
    2.3595549008756644,
    1.8148543437531168,
    3.029134434323011,
    2.3054446799952375,
    2.395574209502569,
    6.509216280572391,
    2.8939237780202465,
    1.6228523592507047,
    5.556050771599786,
    9.896038031287132
  ],
  "avg_losses": [
    0.0002968555913561218,
    0.0010009493642135448,
    0.0001907177412621432,
    0.00021553400936537767,
    0.0001875080415884279,
    0.0010656722197846964,
    0.00016436553120383366,
    0.0003687711876707907,
    0.00019883568104105728,
    0.00015533380403942888,
    0.00032166009825331676,
    0.00028263064696706875,
    0.00023174466708580102,
    0.00026691134217588555,
    0.00021082443538075123,
    0.0003052454054336957,
    0.0002022461789431264,
    0.0002727166032984445,
    0.00021323285000049037,
    0.0003045215805562381,
    0.0006319583320398953,
    0.0002891197882998563,
    0.00021296726579385258,
    0.00037460514655505273,
    0.0010341142660145422
  ],
  "avg_throughputs": [
    172783.75054165573,
    232730.5353614096,
    93577.64941480747,
    94470.0437382727,
    115969.11747866684,
    425377.0472033225,
    83753.9506451889,
    75052.14922201182,
    87219.21201075864,
    35806.063954884106,
    308436.09843049763,
    206767.1497496364,
    108761.85338412152,
    105102.85951552824,
    77214.71142305226,
    106704.02723707918,
    85267.61703532097,
    147191.7534091113,
    146206.39372837526,
    250627.63641313545,
    59404.77129495941,
    138582.65574651415,
    63590.96033977633,
    199559.0810818841,
    435937.00927936845
  ],
  "qos_violation_rates": [
    0.04160676218618449,
    0.04766584588192753,
    0.04081817220435972,
    0.048427578584441015,
    0.039058696772418966,
    0.04858348546485562,
    0.038890175207850645,
    0.047641648313344824,
    0.03896492326954948,
    0.04076284611618215,
    0.04091933450473768,
    0.04183779833673348,
    0.044839068092068564,
    0.041116307551473934,
    0.042192896827322676,
    0.043162665637051775,
    0.04053077217619147,
    0.04345528446236333,
    0.03963501842018542,
    0.042610057963734425,
    0.04582352413594883,
    0.044976544868664176,
    0.03891072235567064,
    0.04419922659173947,
    0.07888381912457974
  ],
  "exploration_rates": [
    1.0,
    1.0,
    1.0,
    1.0,
    1.0,
    1.0,
    0.9994285714285714,
    0.9995,
    0.9995555555555555,
    0.9992,
    0.9989090909090909,
    0.9983333333333333,
    0.9978461538461538,
    0.9968571428571429,
    0.9970666666666667,
    0.996,
    0.9952941176470588,
    0.9948888888888889,
    0.9945263157894737,
    0.9942,
    0.9937142857142857,
    0.992909090909091,
    0.9926956521739131,
    0.9928333333333333,
    0.99248
  ],
  "learning_losses": [
    0.0,
    0.38676147678723705,
    0.39190950989723206,
    0.31513315439224243,
    0.3010285462324436,
    0.29181183186861187,
    0.3030960812018468,
    0.26896525346315825,
    0.25305404456762165,
    0.27251246800789464,
    0.2507141989011031,
    0.2565629745905216,
    0.2340153341109936,
    0.2032018223634133,
    0.2471756820495312,
    0.2105986475944519,
    0.2390214571586022,
    0.21527807529156023,
    0.21144652194701707,
    0.22499830103837526,
    0.2209520821387951,
    0.2222210386624703,
    0.22703104408887717,
    0.22655099630355835,
    0.22305922439465156
  ],
  "learning_rates": [
    0.0005,
    0.0004999997224174333,
    0.0004999988896704182,
    0.0004999975017610091,
    0.0004999955586926308,
    0.0004999930604700776,
    0.0004999900070995136,
    0.0004999863985884728,
    0.0004999822349458586,
    0.0004999775161819445,
    0.0004999722423083736,
    0.0004999664133381586,
    0.000499960029285682,
    0.0004999530901666958,
    0.0004999455959983215,
    0.0004999375467990502,
    0.0004999289425887425,
    0.0004999197833886285,
    0.0004999100692213077,
    0.0004998998001107488,
    0.0004998889760822896,
    0.0004998775971626375,
    0.0004998656633798689,
    0.0004998531747634291,
    0.0004998401313441326
  ],
  "grad_norms": [],
  "path_rejections": [
    0,
    0,
    0,
    0,
    0,
    0,
    0,
    0,
    0,
    0,
    0,
    0,
    0,
    0,
    0,
    0,
    0,
    0,
    0,
    0,
    0,
    0,
    0,
    0,
    0
  ],
  "delay_penalties": [],
  "completion_rates": [
    0.14285714285714285,
    0.25,
    0.6,
    0.6666666666666666,
    0.8,
    0.125,
    0.2,
    0.14285714285714285,
    0.5,
    0.3333333333333333,
    0.2,
    0.5,
    0.16666666666666666,
    0.6,
    0.3333333333333333,
    0.3333333333333333,
    0.2,
    0.2857142857142857,
    0.5714285714285714,
    1.0,
    0.0,
    0.4,
    0.16666666666666666,
    0.2857142857142857,
    0.06666666666666667
  ]
}